Source,Target,Type
158,35639,Directed
35639,23527,Directed
249,14359,Directed
249,6852,Directed
298,22929,Directed
298,27075,Directed
22929,27075,Directed
356,17182,Directed
17182,356,Directed
390,31821,Directed
447,30523,Directed
524,5835,Directed
5835,524,Directed
567,34667,Directed
577,32600,Directed
577,33310,Directed
32600,22578,Directed
32600,28744,Directed
32600,30965,Directed
32600,31607,Directed
32600,32184,Directed
32600,33897,Directed
32600,33310,Directed
592,8300,Directed
615,27451,Directed
753,28923,Directed
826,24449,Directed
836,1982,Directed
836,5600,Directed
836,6262,Directed
1982,10011,Directed
1982,14188,Directed
1982,15206,Directed
1982,6262,Directed
1982,9383,Directed
5600,1982,Directed
923,22578,Directed
923,29722,Directed
29722,22578,Directed
29722,28744,Directed
960,2284,Directed
990,23221,Directed
990,34782,Directed
34782,23221,Directed
1013,1887,Directed
1082,420,Directed
1173,11187,Directed
1173,28806,Directed
11187,28806,Directed
1188,26494,Directed
1195,9419,Directed
1228,12453,Directed
1228,6793,Directed
1238,30099,Directed
1238,32610,Directed
1281,29347,Directed
1330,30350,Directed
1336,13513,Directed
1482,26138,Directed
1482,28094,Directed
1482,29347,Directed
1482,31408,Directed
26138,1768,Directed
31408,26138,Directed
1584,12379,Directed
1584,15170,Directed
1584,17248,Directed
1587,23392,Directed
1629,22207,Directed
22207,5630,Directed
1752,31015,Directed
1882,22352,Directed
1896,21496,Directed
1896,32716,Directed
1896,34905,Directed
32716,12722,Directed
34905,21496,Directed
2058,24307,Directed
2080,28452,Directed
28452,24854,Directed
28452,27184,Directed
2190,29045,Directed
2190,35639,Directed
2239,7090,Directed
2289,13835,Directed
13835,13773,Directed
13835,2289,Directed
2331,21095,Directed
2337,20569,Directed
2337,21478,Directed
20569,23550,Directed
21478,21531,Directed
21478,34864,Directed
2459,15414,Directed
2543,2772,Directed
2725,28779,Directed
2774,23088,Directed
2774,5475,Directed
5475,12156,Directed
2823,9901,Directed
2823,13662,Directed
2823,7223,Directed
2823,7182,Directed
13662,9901,Directed
2958,23863,Directed
2958,35291,Directed
3028,23293,Directed
3028,33255,Directed
33255,26068,Directed
3147,10352,Directed
3147,1811,Directed
3187,27664,Directed
3217,26651,Directed
3312,21033,Directed
3312,27726,Directed
3426,4268,Directed
3426,33653,Directed
3432,9379,Directed
3501,10352,Directed
3554,6541,Directed
6541,32707,Directed
3604,23770,Directed
3604,30329,Directed
3604,33255,Directed
3737,13519,Directed
3767,27451,Directed
3767,29166,Directed
3767,34864,Directed
34864,29166,Directed
3770,8296,Directed
3843,12617,Directed
3964,22578,Directed
3964,30965,Directed
4064,3994,Directed
4078,34986,Directed
4237,24854,Directed
4257,25948,Directed
4294,34905,Directed
4297,27280,Directed
4587,27057,Directed
4688,12631,Directed
4792,17650,Directed
4792,23046,Directed
4792,34145,Directed
34145,17650,Directed
4807,1768,Directed
4969,35270,Directed
4991,9419,Directed
4998,30744,Directed
5046,2121,Directed
5085,34914,Directed
34914,23606,Directed
5199,21743,Directed
5236,32688,Directed
5260,22926,Directed
5260,27184,Directed
5260,28452,Directed
5260,5868,Directed
22926,32616,Directed
5868,24228,Directed
5868,32003,Directed
5868,5260,Directed
5518,8517,Directed
5522,29677,Directed
5685,24054,Directed
5685,26039,Directed
5685,31574,Directed
5685,33339,Directed
5685,33103,Directed
24054,31574,Directed
33103,31574,Directed
5791,1304,Directed
5841,6684,Directed
24228,28921,Directed
5984,9591,Directed
6049,34507,Directed
6080,2121,Directed
6127,9886,Directed
6127,3767,Directed
6127,7700,Directed
9886,26773,Directed
6159,23061,Directed
6159,30271,Directed
6227,34394,Directed
34394,25054,Directed
6443,24316,Directed
6500,29873,Directed
6692,9814,Directed
6820,30376,Directed
30376,23221,Directed
30376,34034,Directed
6880,17124,Directed
6905,11112,Directed
6916,32175,Directed
6975,3054,Directed
6996,31471,Directed
6996,33879,Directed
7268,21309,Directed
7268,32593,Directed
7335,24975,Directed
24975,17650,Directed
7436,17829,Directed
7436,3065,Directed
7436,7696,Directed
7696,7436,Directed
7572,1510,Directed
7679,1577,Directed
7679,6975,Directed
7683,20224,Directed
7683,26436,Directed
26436,20224,Directed
7749,24973,Directed
7749,32886,Directed
32886,24973,Directed
8128,23353,Directed
8128,31718,Directed
8128,35478,Directed
23353,35478,Directed
8163,9877,Directed
8363,29410,Directed
8405,8860,Directed
8860,8405,Directed
8433,24951,Directed
8433,26553,Directed
8433,26620,Directed
8433,34821,Directed
8433,34905,Directed
26553,24951,Directed
26620,20512,Directed
26620,34821,Directed
8759,8622,Directed
8759,9411,Directed
9081,34921,Directed
9090,23155,Directed
9090,23221,Directed
9117,9419,Directed
9138,24975,Directed
9138,27030,Directed
27030,17650,Directed
27030,24088,Directed
9180,21211,Directed
9380,22552,Directed
9380,23777,Directed
9380,34147,Directed
9426,2090,Directed
9593,24553,Directed
9593,28566,Directed
24553,28566,Directed
9631,26715,Directed
9631,6743,Directed
26715,25276,Directed
26715,32614,Directed
9704,21430,Directed
9765,23606,Directed
9765,34914,Directed
9765,10646,Directed
9765,35668,Directed
9765,27448,Directed
9779,5630,Directed
9853,9765,Directed
9853,23606,Directed
9853,34914,Directed
9932,25844,Directed
10053,13519,Directed
10055,3154,Directed
10099,34375,Directed
10294,2284,Directed
10294,960,Directed
10294,11601,Directed
10329,33103,Directed
10329,24054,Directed
10329,5685,Directed
10329,34715,Directed
10329,30568,Directed
30568,28467,Directed
10367,13519,Directed
10493,21969,Directed
10635,35540,Directed
10723,13631,Directed
10825,1410,Directed
10877,17650,Directed
11150,24519,Directed
24519,20268,Directed
24519,21922,Directed
24519,27897,Directed
11256,11688,Directed
11499,8984,Directed
11608,31854,Directed
11608,30910,Directed
31854,35830,Directed
31854,35402,Directed
31854,35949,Directed
11619,27244,Directed
27244,23411,Directed
27244,24657,Directed
27244,25692,Directed
27244,30009,Directed
11722,21698,Directed
11854,26436,Directed
11868,35186,Directed
11980,3282,Directed
12092,5426,Directed
12340,26946,Directed
12340,28260,Directed
26946,28260,Directed
12449,29679,Directed
12562,25965,Directed
12773,30198,Directed
12773,21728,Directed
12773,34067,Directed
12773,30908,Directed
13013,10430,Directed
13013,2090,Directed
13053,35731,Directed
13053,24088,Directed
13053,23452,Directed
13053,31901,Directed
13053,17650,Directed
13053,25662,Directed
25662,17650,Directed
25662,23452,Directed
25662,24088,Directed
25662,35731,Directed
25662,31901,Directed
13070,3323,Directed
13116,32560,Directed
13117,2459,Directed
13117,15414,Directed
13153,29087,Directed
13153,35639,Directed
13179,28452,Directed
13279,28372,Directed
13299,14708,Directed
13299,17043,Directed
17043,12379,Directed
17043,14708,Directed
13429,8300,Directed
13552,26152,Directed
13552,27392,Directed
13616,20485,Directed
13616,22250,Directed
22250,28260,Directed
13710,21099,Directed
13882,13519,Directed
13975,35241,Directed
14015,2121,Directed
14351,23003,Directed
14411,8100,Directed
14539,30446,Directed
14539,22520,Directed
14539,21487,Directed
14539,21496,Directed
30446,22520,Directed
14594,34096,Directed
14703,4640,Directed
14728,25544,Directed
14734,17371,Directed
15099,21856,Directed
15111,2121,Directed
15273,23221,Directed
15288,3323,Directed
15352,13519,Directed
15545,35830,Directed
15545,31854,Directed
35830,31854,Directed
15558,23777,Directed
15570,30558,Directed
15578,34821,Directed
15706,14921,Directed
15746,13519,Directed
15829,25905,Directed
15871,17187,Directed
15899,35863,Directed
15899,24933,Directed
24933,35863,Directed
15927,26478,Directed
26478,20624,Directed
26478,32496,Directed
15930,28253,Directed
28253,20888,Directed
28253,31084,Directed
16017,17665,Directed
16225,17000,Directed
17000,16225,Directed
16306,29873,Directed
16367,13519,Directed
16367,2375,Directed
16437,4562,Directed
16604,34489,Directed
16623,15759,Directed
16624,35241,Directed
16624,33143,Directed
16624,25025,Directed
33143,28774,Directed
16663,15414,Directed
16663,17650,Directed
16663,23221,Directed
16682,6080,Directed
16752,26266,Directed
16753,13519,Directed
16953,26138,Directed
16953,26269,Directed
16953,29347,Directed
16953,31408,Directed
16975,34864,Directed
16983,32297,Directed
16983,1629,Directed
17013,8745,Directed
17087,20936,Directed
17188,27979,Directed
17188,32813,Directed
17188,27794,Directed
17188,32541,Directed
27979,17650,Directed
32813,27979,Directed
32813,32541,Directed
27794,17650,Directed
27794,27979,Directed
32541,17650,Directed
17191,8300,Directed
17289,27862,Directed
17289,34067,Directed
17323,34336,Directed
17435,26620,Directed
17435,34905,Directed
17442,13053,Directed
17442,24088,Directed
17532,6037,Directed
17559,6743,Directed
17597,29285,Directed
17609,1743,Directed
17644,21181,Directed
17644,35875,Directed
17652,26457,Directed
17746,2121,Directed
17749,32374,Directed
17806,9306,Directed
17869,11305,Directed
17869,3212,Directed
17980,17650,Directed
18013,34589,Directed
34589,34589,Directed
18068,35997,Directed
18071,49321,Directed
18082,49676,Directed
18090,48597,Directed
18090,44702,Directed
48597,21176,Directed
18091,19155,Directed
19155,18091,Directed
19155,2662,Directed
18113,49210,Directed
18181,19566,Directed
18181,18929,Directed
18181,19110,Directed
19566,18181,Directed
19566,18929,Directed
19566,19005,Directed
19566,19110,Directed
18929,19566,Directed
18929,19110,Directed
18186,44930,Directed
18186,30040,Directed
44930,23254,Directed
44930,25208,Directed
44930,30040,Directed
18210,44977,Directed
18210,675,Directed
18214,10576,Directed
18225,27366,Directed
18256,3982,Directed
18258,14531,Directed
18262,31830,Directed
18262,34244,Directed
34244,31830,Directed
18272,15102,Directed
18287,35521,Directed
18287,25359,Directed
25359,23259,Directed
18290,29332,Directed
29332,5760,Directed
18299,34027,Directed
18302,2140,Directed
18327,48599,Directed
18333,18567,Directed
18338,12122,Directed
18342,24513,Directed
24513,31887,Directed
18343,14734,Directed
18346,969,Directed
18349,30536,Directed
18374,33950,Directed
18398,23081,Directed
18398,24655,Directed
18412,21204,Directed
18435,9419,Directed
18446,17591,Directed
18446,45297,Directed
18454,27411,Directed
18454,42898,Directed
18487,33950,Directed
18487,21997,Directed
18488,13971,Directed
18497,280,Directed
18515,18717,Directed
18521,42900,Directed
18539,25951,Directed
18598,30040,Directed
18609,17591,Directed
18623,16757,Directed
18639,1218,Directed
18646,45428,Directed
18646,43157,Directed
43157,20353,Directed
18654,39905,Directed
18680,49001,Directed
18695,15696,Directed
18711,7213,Directed
18714,32337,Directed
18715,1188,Directed
18722,33912,Directed
18750,8095,Directed
18765,10286,Directed
18767,13208,Directed
18786,16193,Directed
18786,39330,Directed
39330,16193,Directed
18789,22635,Directed
18799,32081,Directed
18799,33093,Directed
32081,23464,Directed
18822,34921,Directed
18822,33399,Directed
18822,24567,Directed
18832,33383,Directed
18836,18535,Directed
18843,35514,Directed
18864,10086,Directed
18881,16649,Directed
18888,20635,Directed
18895,14646,Directed
18909,38530,Directed
18911,14539,Directed
18911,33978,Directed
18911,5144,Directed
18911,23699,Directed
23699,20512,Directed
23699,23066,Directed
23699,24951,Directed
23699,26620,Directed
23699,29242,Directed
23699,34821,Directed
18938,36005,Directed
18951,18397,Directed
18964,21290,Directed
18971,5760,Directed
18975,28811,Directed
18975,48946,Directed
18977,36608,Directed
18977,46830,Directed
46830,30602,Directed
18984,41284,Directed
18994,2121,Directed
19004,11396,Directed
19004,20930,Directed
19004,34872,Directed
19005,26867,Directed
19009,8300,Directed
19028,19642,Directed
19642,19028,Directed
19037,34192,Directed
19047,3994,Directed
19062,29142,Directed
19102,8300,Directed
19105,8444,Directed
19136,33054,Directed
19136,34646,Directed
19156,19850,Directed
19850,19156,Directed
19184,1768,Directed
19184,154,Directed
19234,19282,Directed
19235,41869,Directed
19259,29188,Directed
19275,8300,Directed
19275,42806,Directed
19279,8300,Directed
19305,17280,Directed
19305,9379,Directed
19305,26765,Directed
19307,29361,Directed
19307,28672,Directed
19317,33653,Directed
19344,25951,Directed
19344,33399,Directed
19344,24567,Directed
19345,33359,Directed
19347,21924,Directed
19356,33582,Directed
19357,16591,Directed
19357,28526,Directed
19365,30428,Directed
19377,46952,Directed
46952,6320,Directed
19380,11790,Directed
19392,23758,Directed
19414,38477,Directed
19425,29372,Directed
19452,32697,Directed
19455,20723,Directed
19455,26317,Directed
19455,20353,Directed
19455,28786,Directed
20723,26948,Directed
19462,40113,Directed
19462,34383,Directed
40113,34383,Directed
19464,49998,Directed
19494,35764,Directed
19506,10706,Directed
19522,3195,Directed
19536,8300,Directed
19542,22740,Directed
19550,29215,Directed
19550,27786,Directed
19554,33950,Directed
19559,744,Directed
19567,16757,Directed
19579,40171,Directed
19593,8011,Directed
19593,37857,Directed
19630,9015,Directed
19637,19573,Directed
19637,19729,Directed
19646,45420,Directed
19649,10297,Directed
19654,14531,Directed
19658,20723,Directed
19658,26317,Directed
19658,31067,Directed
19658,25715,Directed
19658,22796,Directed
19660,30832,Directed
19666,39400,Directed
19710,31590,Directed
19731,2721,Directed
19736,33131,Directed
19751,21012,Directed
19785,22227,Directed
19795,35934,Directed
19823,16757,Directed
19835,18181,Directed
19835,18929,Directed
19835,19110,Directed
19835,19566,Directed
20232,33799,Directed
20232,32452,Directed
20232,20756,Directed
20232,24849,Directed
33799,20756,Directed
20299,35389,Directed
20351,31786,Directed
20392,30547,Directed
20392,33824,Directed
20392,33879,Directed
20394,24969,Directed
20394,21335,Directed
20394,28697,Directed
24969,27885,Directed
28697,24775,Directed
20419,22624,Directed
20432,25371,Directed
20432,30370,Directed
20432,22144,Directed
22144,21428,Directed
20453,5244,Directed
20460,34919,Directed
34919,35,Directed
20512,26620,Directed
20538,33533,Directed
20538,32494,Directed
20587,27122,Directed
27122,32495,Directed
27122,34356,Directed
20646,22677,Directed
20657,26534,Directed
26534,28264,Directed
20696,34710,Directed
34710,17650,Directed
20701,23497,Directed
20701,33113,Directed
20701,33300,Directed
23497,33300,Directed
33113,33300,Directed
20725,25692,Directed
25692,26442,Directed
20766,30751,Directed
20766,28615,Directed
20766,34615,Directed
30751,23890,Directed
34615,28615,Directed
20822,34251,Directed
20867,26852,Directed
20867,25692,Directed
20888,35830,Directed
20931,21532,Directed
21532,17650,Directed
20934,14043,Directed
20941,21072,Directed
20941,30355,Directed
21072,23678,Directed
30355,31267,Directed
20942,26220,Directed
20942,27122,Directed
20974,31219,Directed
21031,32777,Directed
21049,32762,Directed
21051,25692,Directed
21084,15485,Directed
21084,7201,Directed
21084,4616,Directed
21168,5211,Directed
21168,21345,Directed
21196,2772,Directed
21213,23108,Directed
21213,35109,Directed
21213,30370,Directed
21213,30411,Directed
35109,30370,Directed
21268,32452,Directed
21268,30249,Directed
21268,29755,Directed
29755,26817,Directed
21279,25824,Directed
21285,33310,Directed
21286,15090,Directed
21303,33300,Directed
21303,22173,Directed
21319,30547,Directed
21387,31858,Directed
21387,23170,Directed
21387,22186,Directed
21387,26709,Directed
21387,31429,Directed
31858,22650,Directed
31858,24454,Directed
31858,26709,Directed
31858,29260,Directed
31858,35094,Directed
23170,26709,Directed
31429,22186,Directed
31429,26709,Directed
21402,33824,Directed
21412,21119,Directed
21442,23387,Directed
21444,27378,Directed
27378,21444,Directed
21500,11800,Directed
21500,29021,Directed
21523,28108,Directed
21523,23662,Directed
21538,25716,Directed
21539,30783,Directed
21628,21428,Directed
21652,24945,Directed
21652,31011,Directed
31011,27122,Directed
31011,34232,Directed
21657,26720,Directed
21657,22897,Directed
26720,30249,Directed
26720,26817,Directed
22897,26720,Directed
22897,30249,Directed
22897,32258,Directed
21660,25371,Directed
21660,22587,Directed
21660,31433,Directed
21660,34727,Directed
22587,27953,Directed
22587,25058,Directed
31433,30370,Directed
21673,24775,Directed
21673,31918,Directed
31918,35950,Directed
31918,32560,Directed
21693,24778,Directed
21704,31147,Directed
21709,30566,Directed
21717,28108,Directed
21753,17650,Directed
21753,23221,Directed
21756,20989,Directed
21756,21657,Directed
21756,27518,Directed
27518,20989,Directed
27518,23642,Directed
27518,31485,Directed
21768,29715,Directed
29715,21768,Directed
29715,31901,Directed
21821,2121,Directed
21827,30130,Directed
21827,24945,Directed
21827,33078,Directed
21827,31471,Directed
21827,33879,Directed
33078,25276,Directed
33078,25624,Directed
21838,7449,Directed
21843,35720,Directed
35720,29708,Directed
21873,27685,Directed
21878,23514,Directed
21878,27953,Directed
21878,30818,Directed
27953,20442,Directed
27953,25871,Directed
27953,25961,Directed
27953,30791,Directed
21889,26425,Directed
21914,34961,Directed
21918,24614,Directed
21929,24285,Directed
21929,26817,Directed
21953,27457,Directed
21984,34438,Directed
34438,21984,Directed
22014,28620,Directed
22014,30972,Directed
22028,24030,Directed
24030,22028,Directed
22108,34097,Directed
22113,20974,Directed
22113,31219,Directed
22140,25950,Directed
22140,22872,Directed
22165,3071,Directed
22170,21579,Directed
22170,29707,Directed
22170,27026,Directed
29707,23715,Directed
29707,32560,Directed
22191,35230,Directed
22198,25371,Directed
22198,30818,Directed
22198,30791,Directed
22209,32296,Directed
22209,29708,Directed
22219,21709,Directed
22219,34874,Directed
22219,32296,Directed
22219,30438,Directed
34874,25887,Directed
22226,26167,Directed
22237,34737,Directed
22285,20942,Directed
22285,21428,Directed
22285,35276,Directed
22285,36113,Directed
22285,25501,Directed
22285,23589,Directed
22285,26220,Directed
22285,34917,Directed
22285,31359,Directed
22285,27122,Directed
22285,34232,Directed
35276,26220,Directed
35276,27122,Directed
35276,31011,Directed
35276,34232,Directed
36113,22463,Directed
36113,33449,Directed
25501,32417,Directed
25501,27122,Directed
25501,29346,Directed
23589,21428,Directed
23589,26220,Directed
34917,20942,Directed
34917,21428,Directed
34917,26220,Directed
31359,30547,Directed
31359,32495,Directed
22302,1768,Directed
22357,32452,Directed
22357,23670,Directed
22357,26817,Directed
22357,24130,Directed
22357,34232,Directed
23670,26817,Directed
24130,28084,Directed
22377,13303,Directed
22384,21058,Directed
22384,35109,Directed
22384,31835,Directed
22417,16936,Directed
22426,34060,Directed
22426,26476,Directed
34060,30558,Directed
26476,26536,Directed
26476,30249,Directed
22434,27620,Directed
22448,20813,Directed
22448,27194,Directed
22448,35825,Directed
22455,28615,Directed
22463,35184,Directed
22463,34801,Directed
35184,28576,Directed
34801,28576,Directed
34801,34356,Directed
22507,27122,Directed
22599,35657,Directed
22608,30231,Directed
22608,30638,Directed
22620,33300,Directed
22650,36075,Directed
22650,31719,Directed
22653,31828,Directed
22706,23695,Directed
22766,30130,Directed
22798,28108,Directed
22798,34153,Directed
22798,34397,Directed
22798,23662,Directed
22798,23882,Directed
22798,27859,Directed
34153,35959,Directed
34397,24775,Directed
34397,28981,Directed
34397,30961,Directed
34397,34198,Directed
34397,34684,Directed
27859,34397,Directed
27859,34684,Directed
27859,30961,Directed
22799,26867,Directed
22813,25780,Directed
22826,21124,Directed
22826,29093,Directed
22831,22608,Directed
22831,27882,Directed
22831,31011,Directed
27882,26316,Directed
27882,26720,Directed
22881,25426,Directed
22892,24849,Directed
22899,29496,Directed
22902,31854,Directed
22999,35942,Directed
22999,32635,Directed
23016,28226,Directed
28226,23016,Directed
23032,30590,Directed
23032,30566,Directed
30590,31011,Directed
23060,23497,Directed
23084,21058,Directed
23084,28953,Directed
28953,21058,Directed
28953,29038,Directed
23092,22026,Directed
23092,23548,Directed
23548,33300,Directed
23094,17650,Directed
23151,22888,Directed
23154,21681,Directed
23183,15007,Directed
23194,21319,Directed
23194,30547,Directed
23194,26838,Directed
23194,31359,Directed
23194,31156,Directed
26838,20942,Directed
26838,23720,Directed
26838,28981,Directed
26838,30547,Directed
23214,21652,Directed
23214,24945,Directed
23214,31011,Directed
23259,35521,Directed
23292,32495,Directed
23300,28938,Directed
23357,32203,Directed
23364,25371,Directed
23385,28897,Directed
23401,20581,Directed
23401,32833,Directed
32833,20694,Directed
32833,27677,Directed
32833,29607,Directed
23411,25692,Directed
23411,27244,Directed
23416,21569,Directed
23416,23882,Directed
23425,21157,Directed
23488,25054,Directed
23488,35949,Directed
23488,23528,Directed
23529,9047,Directed
23560,31471,Directed
23566,32494,Directed
23590,32201,Directed
23595,9457,Directed
23604,24775,Directed
23604,27369,Directed
23604,33136,Directed
23604,25887,Directed
23604,32134,Directed
33136,32495,Directed
25887,23882,Directed
25887,25467,Directed
25887,27122,Directed
32134,22999,Directed
32134,33136,Directed
32134,35527,Directed
23647,17253,Directed
29242,23699,Directed
29242,30271,Directed
23704,12199,Directed
23720,32560,Directed
23721,31156,Directed
23724,26715,Directed
23725,31998,Directed
23753,35109,Directed
23759,26471,Directed
23774,23589,Directed
23774,35276,Directed
23774,34232,Directed
23818,29346,Directed
23839,31267,Directed
23839,31219,Directed
31267,22026,Directed
23850,30249,Directed
23850,31011,Directed
23850,26476,Directed
23850,25467,Directed
25467,26817,Directed
25467,27175,Directed
23883,29715,Directed
23927,21709,Directed
23927,32296,Directed
23927,25429,Directed
23987,33879,Directed
24102,24174,Directed
24119,27098,Directed
24119,26167,Directed
24141,26167,Directed
24157,17804,Directed
24161,33533,Directed
24172,27053,Directed
24172,24614,Directed
27053,27423,Directed
24183,25703,Directed
24183,8300,Directed
24197,21119,Directed
24197,21428,Directed
24197,22144,Directed
24197,24024,Directed
24197,25371,Directed
24197,32327,Directed
32327,21119,Directed
32327,28931,Directed
32327,31719,Directed
24204,24934,Directed
24213,20942,Directed
24213,23720,Directed
24213,28981,Directed
24213,30547,Directed
24213,26838,Directed
24227,34198,Directed
24232,20942,Directed
24269,28307,Directed
24271,21303,Directed
24345,21058,Directed
24345,29038,Directed
29038,21058,Directed
24407,34198,Directed
24407,28697,Directed
24428,32296,Directed
24428,29708,Directed
24428,27019,Directed
24429,34992,Directed
24447,22830,Directed
24447,24397,Directed
24454,21716,Directed
24454,26709,Directed
24487,27801,Directed
24509,23626,Directed
24528,4268,Directed
24558,35942,Directed
24563,23662,Directed
24568,26348,Directed
24646,29999,Directed
29999,24646,Directed
24652,28408,Directed
28408,22026,Directed
24690,10712,Directed
24698,32296,Directed
24721,20446,Directed
24721,23924,Directed
24738,21402,Directed
24738,26817,Directed
24738,31156,Directed
24770,31156,Directed
24790,28307,Directed
24799,21657,Directed
24799,22897,Directed
24799,26720,Directed
24799,26817,Directed
24800,21058,Directed
24800,30370,Directed
24840,16269,Directed
24843,24141,Directed
24843,31917,Directed
24868,35255,Directed
24912,27518,Directed
24923,9320,Directed
24924,20759,Directed
24924,24775,Directed
24924,34232,Directed
24946,20756,Directed
24952,24924,Directed
24952,25453,Directed
24952,33136,Directed
24952,25887,Directed
24952,31156,Directed
24952,34232,Directed
24952,32258,Directed
27885,32569,Directed
24976,31211,Directed
31211,24976,Directed
25008,35527,Directed
25032,32296,Directed
25042,34684,Directed
25042,34397,Directed
25042,31011,Directed
25042,28576,Directed
34684,28981,Directed
34684,31018,Directed
34684,34198,Directed
34684,34397,Directed
34684,35230,Directed
28576,27423,Directed
25139,31992,Directed
31992,25139,Directed
25170,9591,Directed
25208,23254,Directed
25246,26986,Directed
26986,25426,Directed
25250,34640,Directed
25256,32319,Directed
25256,30231,Directed
25256,32560,Directed
25276,25983,Directed
25287,17650,Directed
25319,20221,Directed
25341,34927,Directed
25352,29964,Directed
25378,8300,Directed
25418,30352,Directed
25418,27885,Directed
25450,21589,Directed
25458,28307,Directed
25490,20395,Directed
25490,31258,Directed
25525,35389,Directed
25525,28224,Directed
25525,30961,Directed
25561,33608,Directed
25622,32768,Directed
25624,26167,Directed
25633,23606,Directed
25633,35668,Directed
26442,25692,Directed
25737,29410,Directed
25744,25780,Directed
25744,28123,Directed
25752,24945,Directed
25752,33078,Directed
25834,26220,Directed
25843,25467,Directed
25843,28084,Directed
25888,30370,Directed
25888,25961,Directed
25957,22174,Directed
25986,35066,Directed
26051,20491,Directed
26093,29021,Directed
26108,22926,Directed
26108,28452,Directed
26108,28260,Directed
26151,31298,Directed
31298,25624,Directed
31298,33300,Directed
26203,28108,Directed
26204,20942,Directed
26204,23720,Directed
26204,28981,Directed
26204,30547,Directed
26216,24849,Directed
26216,32494,Directed
26216,35265,Directed
26239,35109,Directed
26239,30370,Directed
26264,23725,Directed
26264,31998,Directed
26264,35170,Directed
26264,31148,Directed
31148,28676,Directed
31148,35170,Directed
26265,24800,Directed
26265,31329,Directed
26265,32833,Directed
26302,23725,Directed
26302,31998,Directed
26302,30818,Directed
26302,35170,Directed
26316,22608,Directed
26328,42042,Directed
26331,25453,Directed
26357,22022,Directed
26357,25276,Directed
26357,25983,Directed
26357,27885,Directed
26370,5775,Directed
26372,21709,Directed
26372,25429,Directed
26372,32296,Directed
26497,28108,Directed
26527,27719,Directed
26550,32495,Directed
26550,34356,Directed
26550,27122,Directed
26563,28676,Directed
26565,29598,Directed
26657,33776,Directed
26665,35942,Directed
26665,31011,Directed
26750,20989,Directed
26750,30249,Directed
26750,27518,Directed
26750,27305,Directed
26763,30249,Directed
26785,29464,Directed
26857,23720,Directed
26857,26838,Directed
26866,31538,Directed
26869,22578,Directed
26869,33310,Directed
26890,12493,Directed
26907,6462,Directed
26933,23566,Directed
26933,25418,Directed
26933,36092,Directed
26933,35720,Directed
26969,4584,Directed
27005,31835,Directed
27005,30370,Directed
27005,30791,Directed
27025,27991,Directed
27092,33764,Directed
33764,27092,Directed
27136,27122,Directed
27136,27175,Directed
27136,34232,Directed
27167,24065,Directed
27191,30028,Directed
27191,27686,Directed
27192,25119,Directed
27266,30787,Directed
27289,23108,Directed
27289,26220,Directed
27300,24035,Directed
27326,420,Directed
27349,21058,Directed
27349,34683,Directed
27349,29607,Directed
34683,21058,Directed
34683,28960,Directed
34683,29038,Directed
34683,29607,Directed
29607,27740,Directed
27355,27713,Directed
27360,21709,Directed
27360,25429,Directed
27360,29457,Directed
27376,28916,Directed
28916,25887,Directed
28916,32495,Directed
27407,3493,Directed
27461,21652,Directed
27461,34874,Directed
27461,32296,Directed
27528,25300,Directed
27554,20432,Directed
27554,21428,Directed
27554,22144,Directed
27554,23589,Directed
27554,24024,Directed
27554,25371,Directed
27555,28108,Directed
27572,23149,Directed
27572,30139,Directed
30139,17650,Directed
27623,29568,Directed
27633,17650,Directed
27641,12190,Directed
27648,16295,Directed
27677,35152,Directed
27828,26507,Directed
27831,34963,Directed
34963,32319,Directed
27904,21350,Directed
27904,23060,Directed
27904,30955,Directed
27904,35265,Directed
30955,31298,Directed
30955,31156,Directed
27972,34356,Directed
27976,30249,Directed
28017,23149,Directed
28017,30139,Directed
28029,20442,Directed
28029,25371,Directed
28029,31835,Directed
28031,29548,Directed
29548,27740,Directed
29548,35109,Directed
29548,30370,Directed
28038,24065,Directed
28038,31156,Directed
28064,20335,Directed
28113,27253,Directed
28113,28918,Directed
28136,20354,Directed
28138,35436,Directed
28162,34432,Directed
28172,31835,Directed
28172,30370,Directed
28198,20974,Directed
28214,31719,Directed
28286,29093,Directed
28287,20942,Directed
28287,23589,Directed
28287,25501,Directed
28287,26220,Directed
28287,31018,Directed
28287,34917,Directed
31018,23818,Directed
31018,27122,Directed
28364,29760,Directed
28423,31018,Directed
28434,35942,Directed
28468,30249,Directed
28522,27201,Directed
28584,26331,Directed
28597,21402,Directed
28605,31543,Directed
28609,27471,Directed
28674,23720,Directed
28674,32560,Directed
28837,21709,Directed
28837,25429,Directed
28848,28918,Directed
28871,33408,Directed
28884,20989,Directed
28884,31485,Directed
28919,28699,Directed
28931,21119,Directed
28931,31719,Directed
29076,32639,Directed
29086,20813,Directed
29086,22448,Directed
29086,25742,Directed
29086,27194,Directed
29086,35825,Directed
29161,21345,Directed
29182,27005,Directed
29182,36042,Directed
29190,31917,Directed
29212,27122,Directed
29212,32495,Directed
29214,20500,Directed
29219,34232,Directed
29260,22650,Directed
29260,26709,Directed
29260,31429,Directed
29261,28981,Directed
29268,33022,Directed
33022,29268,Directed
29270,27887,Directed
29284,28307,Directed
29387,22885,Directed
29414,22022,Directed
29414,25276,Directed
29479,22026,Directed
29479,24661,Directed
29497,21350,Directed
29497,28491,Directed
29571,31632,Directed
29604,24581,Directed
29615,2121,Directed
29632,28307,Directed
29681,25703,Directed
29788,34986,Directed
29791,25694,Directed
29797,21119,Directed
29797,31719,Directed
29876,35942,Directed
29881,27740,Directed
29898,29708,Directed
29904,30392,Directed
29911,26570,Directed
29911,32526,Directed
29924,26558,Directed
29924,30614,Directed
29944,25834,Directed
29983,8300,Directed
30030,31632,Directed
30074,25624,Directed
30074,33078,Directed
30096,11800,Directed
30103,33344,Directed
30115,27028,Directed
30125,17650,Directed
30164,25276,Directed
30170,34919,Directed
30212,24924,Directed
30212,35276,Directed
30212,34959,Directed
30212,34232,Directed
34959,20587,Directed
34959,21428,Directed
34959,22144,Directed
34959,23589,Directed
34959,26220,Directed
34959,34232,Directed
34959,35276,Directed
30281,3493,Directed
30284,29249,Directed
30285,1951,Directed
30364,22578,Directed
30395,28960,Directed
30413,33756,Directed
33756,26076,Directed
30451,21569,Directed
30498,30250,Directed
30511,29708,Directed
30511,32319,Directed
30511,32560,Directed
30545,22867,Directed
30572,24088,Directed
30572,24199,Directed
30586,33161,Directed
30632,21335,Directed
30632,34963,Directed
30644,24945,Directed
30644,31011,Directed
30650,24558,Directed
30650,25453,Directed
30733,23548,Directed
30750,24119,Directed
30750,30130,Directed
30750,34677,Directed
34677,26167,Directed
30865,21657,Directed
30865,21756,Directed
30865,22897,Directed
30865,26720,Directed
30865,27518,Directed
30865,29755,Directed
30865,30249,Directed
30892,23898,Directed
30893,28597,Directed
30893,30547,Directed
30934,23662,Directed
30934,28108,Directed
30934,29254,Directed
30957,13940,Directed
30963,8300,Directed
30973,26720,Directed
30973,30249,Directed
30973,32452,Directed
30979,27885,Directed
30980,35630,Directed
35630,20903,Directed
30985,23725,Directed
30985,25147,Directed
30985,35170,Directed
30988,21589,Directed
31005,23818,Directed
31005,29346,Directed
31005,35932,Directed
31005,32296,Directed
35932,26888,Directed
31012,33605,Directed
31037,30250,Directed
31053,31425,Directed
31078,32495,Directed
31139,27175,Directed
31139,36042,Directed
31143,22739,Directed
31157,23662,Directed
31157,28108,Directed
31157,31011,Directed
31157,32494,Directed
31157,31918,Directed
31162,28307,Directed
31185,28225,Directed
31198,28108,Directed
31198,29254,Directed
31199,35452,Directed
31204,29479,Directed
31204,34404,Directed
31227,30250,Directed
31241,3493,Directed
31242,23963,Directed
31252,3493,Directed
31256,21111,Directed
31256,23265,Directed
31261,32493,Directed
31261,32539,Directed
32539,33300,Directed
31279,28960,Directed
31286,26570,Directed
31289,31901,Directed
31293,28576,Directed
31293,32495,Directed
31342,28981,Directed
31352,34756,Directed
31393,22624,Directed
31393,24880,Directed
31393,29755,Directed
31393,31018,Directed
31416,21303,Directed
31509,28307,Directed
31542,27677,Directed
31542,28960,Directed
31542,29881,Directed
31542,32833,Directed
31566,23604,Directed
31566,25453,Directed
31566,25887,Directed
31566,35276,Directed
31566,33136,Directed
31583,22083,Directed
31600,21133,Directed
31609,32742,Directed
32742,31609,Directed
31677,24976,Directed
31677,35563,Directed
31679,24880,Directed
31679,34202,Directed
31751,23464,Directed
35094,22650,Directed
35094,29260,Directed
35094,31858,Directed
35094,32914,Directed
35094,34860,Directed
35094,36075,Directed
31866,2795,Directed
31954,35224,Directed
31997,26457,Directed
32075,25501,Directed
32075,33533,Directed
32085,21303,Directed
32085,28697,Directed
32085,31416,Directed
32085,35630,Directed
32100,23997,Directed
32114,20759,Directed
32114,34153,Directed
32126,29980,Directed
32130,33853,Directed
32152,17060,Directed
32188,31471,Directed
32208,22624,Directed
32227,29980,Directed
32250,35339,Directed
32264,17650,Directed
32410,25501,Directed
32410,32452,Directed
32410,35527,Directed
32428,26220,Directed
32428,35170,Directed
32428,35527,Directed
32435,33450,Directed
32502,29562,Directed
32502,32448,Directed
32502,33795,Directed
32530,29712,Directed
32536,32569,Directed
32562,35527,Directed
32672,12058,Directed
32717,35716,Directed
35716,32717,Directed
35716,35452,Directed
32733,26709,Directed
32756,21072,Directed
32767,24308,Directed
32771,21119,Directed
32859,28674,Directed
32917,22248,Directed
32928,30766,Directed
32928,35861,Directed
35861,21953,Directed
35861,33533,Directed
35861,35527,Directed
32930,23548,Directed
32930,23720,Directed
32930,24438,Directed
32930,32560,Directed
32930,33824,Directed
32946,32614,Directed
32952,30370,Directed
32952,31433,Directed
32976,29099,Directed
32978,27122,Directed
32978,27972,Directed
32978,32495,Directed
32978,34356,Directed
33006,26699,Directed
33006,28530,Directed
33009,25624,Directed
33009,31298,Directed
33033,26368,Directed
33033,31512,Directed
33033,9029,Directed
33044,27885,Directed
33059,14969,Directed
33066,28576,Directed
33127,21918,Directed
33127,24614,Directed
33134,14722,Directed
33134,4268,Directed
33139,24614,Directed
33155,33766,Directed
33171,35354,Directed
35354,33171,Directed
33210,6743,Directed
33216,35959,Directed
35959,23662,Directed
33224,24141,Directed
33224,25624,Directed
33224,1462,Directed
33290,8300,Directed
33328,22888,Directed
33328,23151,Directed
33328,28423,Directed
33328,28960,Directed
33363,22446,Directed
33363,23905,Directed
33363,26583,Directed
33363,28981,Directed
33363,31416,Directed
33396,20632,Directed
33431,3493,Directed
33523,31011,Directed
33555,17659,Directed
33559,31286,Directed
33585,23775,Directed
33611,31901,Directed
33625,31769,Directed
33627,9304,Directed
33645,25429,Directed
33738,28981,Directed
33751,22515,Directed
33751,33954,Directed
33759,14708,Directed
33759,35637,Directed
35637,33759,Directed
33828,31148,Directed
33828,32417,Directed
33841,3678,Directed
33847,31828,Directed
33859,20442,Directed
33873,22153,Directed
33903,32614,Directed
33931,25371,Directed
33958,22083,Directed
33971,34994,Directed
33980,25798,Directed
33981,21402,Directed
33981,31156,Directed
33981,33824,Directed
33996,30323,Directed
33996,34153,Directed
34032,31901,Directed
34037,349,Directed
34039,27184,Directed
34039,28625,Directed
34044,9591,Directed
34058,26167,Directed
34061,27165,Directed
34063,32319,Directed
34111,21569,Directed
34114,30249,Directed
34114,32570,Directed
34127,2159,Directed
34130,1861,Directed
34190,20392,Directed
34190,33879,Directed
34196,25911,Directed
34196,33171,Directed
34196,35354,Directed
34214,17650,Directed
34341,29994,Directed
34379,24613,Directed
34484,21428,Directed
34484,24024,Directed
34484,25871,Directed
34484,30791,Directed
34532,35339,Directed
34580,29121,Directed
34607,23221,Directed
34617,34437,Directed
34624,25936,Directed
34632,28120,Directed
34657,30250,Directed
34657,30757,Directed
34658,26076,Directed
34700,25119,Directed
34731,20767,Directed
34773,30590,Directed
34779,26050,Directed
34781,21523,Directed
34781,23662,Directed
34825,17650,Directed
34832,3493,Directed
34848,25692,Directed
34860,21350,Directed
34891,31094,Directed
35027,5211,Directed
35091,22608,Directed
35141,21058,Directed
35141,24800,Directed
35141,28953,Directed
35141,35109,Directed
35173,26720,Directed
35173,32296,Directed
35213,15215,Directed
35245,135,Directed
35260,26476,Directed
35342,8300,Directed
35353,23597,Directed
35360,29708,Directed
35393,1890,Directed
35422,30547,Directed
35438,32495,Directed
35438,34356,Directed
35464,12722,Directed
35464,32716,Directed
35467,31148,Directed
35467,31342,Directed
35467,32560,Directed
35469,32410,Directed
35490,28423,Directed
35490,34917,Directed
35511,27175,Directed
35511,28848,Directed
35552,22578,Directed
35552,30965,Directed
35552,33310,Directed
35616,25008,Directed
35616,26550,Directed
35616,35527,Directed
35619,8300,Directed
35719,21350,Directed
35719,26316,Directed
35719,26763,Directed
35719,28918,Directed
35719,32075,Directed
35719,32452,Directed
35719,32560,Directed
35727,7696,Directed
35733,22026,Directed
35746,30791,Directed
35746,35109,Directed
35855,22144,Directed
35855,34232,Directed
35872,16269,Directed
35974,13519,Directed
36002,24039,Directed
36002,35422,Directed
36084,34404,Directed
36106,22587,Directed
36106,23725,Directed
36106,30370,Directed
36106,31433,Directed
36106,31998,Directed
36106,35170,Directed
36120,1511,Directed
36122,22682,Directed
36152,17694,Directed
36152,8059,Directed
36152,41544,Directed
41544,13724,Directed
41544,8059,Directed
36177,17650,Directed
36205,7771,Directed
36242,27626,Directed
36242,28028,Directed
36266,25921,Directed
36269,21811,Directed
36269,34437,Directed
36295,27115,Directed
36295,8300,Directed
36300,28595,Directed
36300,5924,Directed
36304,21574,Directed
36304,25278,Directed
36304,25807,Directed
36314,30929,Directed
36317,13235,Directed
36322,17650,Directed
36351,21743,Directed
36351,23635,Directed
36351,5199,Directed
36352,33131,Directed
36353,22302,Directed
36353,24940,Directed
36359,40490,Directed
36363,28008,Directed
36367,2121,Directed
36377,35521,Directed
36492,27887,Directed
36492,29270,Directed
36507,35521,Directed
36510,1158,Directed
36520,38086,Directed
36522,16805,Directed
36530,7304,Directed
36531,35682,Directed
36537,15011,Directed
36540,15183,Directed
36546,8847,Directed
36598,37777,Directed
37777,36598,Directed
36606,27035,Directed
36606,2121,Directed
36617,5118,Directed
36629,13427,Directed
36633,12907,Directed
36637,32470,Directed
36640,34424,Directed
36641,28286,Directed
36644,7789,Directed
36659,7213,Directed
36674,28896,Directed
36678,11009,Directed
36678,29989,Directed
36678,39530,Directed
36685,34685,Directed
36691,13559,Directed
36693,28942,Directed
36704,39443,Directed
36704,37158,Directed
39443,36704,Directed
39443,37158,Directed
37158,2651,Directed
37158,39443,Directed
36711,11193,Directed
36711,21889,Directed
36711,30382,Directed
36718,25461,Directed
36718,8300,Directed
36725,27068,Directed
36725,35224,Directed
36734,21277,Directed
36736,21073,Directed
36736,33383,Directed
36739,5118,Directed
36746,28753,Directed
36753,8420,Directed
36758,36758,Directed
36783,7049,Directed
36795,34869,Directed
36812,3560,Directed
36828,25208,Directed
36828,30040,Directed
36828,31014,Directed
36849,4475,Directed
36869,43285,Directed
36878,8666,Directed
36878,42127,Directed
42127,23182,Directed
42127,8666,Directed
36881,25185,Directed
36884,3494,Directed
36888,46796,Directed
46796,25278,Directed
46796,25807,Directed
36903,12481,Directed
36922,29679,Directed
36944,29991,Directed
36945,31019,Directed
36958,20749,Directed
36962,20546,Directed
36971,36971,Directed
36974,23051,Directed
36974,30061,Directed
36997,21,Directed
36997,2115,Directed
37000,22809,Directed
37002,30598,Directed
37007,34463,Directed
37008,3563,Directed
37013,28778,Directed
37014,15102,Directed
37014,47964,Directed
47964,15102,Directed
37022,24418,Directed
37027,8440,Directed
37030,31734,Directed
37043,23425,Directed
37043,26073,Directed
37045,29387,Directed
37052,35604,Directed
37081,37081,Directed
37090,31704,Directed
37095,14708,Directed
37095,9343,Directed
37098,30487,Directed
37104,11009,Directed
37104,21643,Directed
37111,3213,Directed
37114,29492,Directed
37114,31715,Directed
37120,38049,Directed
37123,14307,Directed
37128,38930,Directed
37154,30838,Directed
37154,9321,Directed
37157,11497,Directed
37159,16295,Directed
37159,9047,Directed
37160,24729,Directed
37160,34788,Directed
37162,22814,Directed
37175,4645,Directed
37180,22093,Directed
37241,49645,Directed
37246,15117,Directed
37246,20310,Directed
37246,22466,Directed
37246,25971,Directed
37246,26206,Directed
37246,34737,Directed
37254,30339,Directed
37260,37474,Directed
37260,46317,Directed
37272,22455,Directed
37272,29261,Directed
37272,31187,Directed
37272,34404,Directed
37280,23814,Directed
37280,34187,Directed
37280,34386,Directed
37291,22357,Directed
37291,23927,Directed
37291,32296,Directed
37293,30064,Directed
37299,8325,Directed
37316,7603,Directed
37319,39844,Directed
37326,35068,Directed
37327,35939,Directed
37359,13629,Directed
37359,22089,Directed
37359,37095,Directed
37361,13519,Directed
37367,21073,Directed
37367,3560,Directed
37367,33950,Directed
37370,5518,Directed
37374,12584,Directed
37388,25742,Directed
37391,25641,Directed
37396,33111,Directed
37404,35573,Directed
37431,15964,Directed
37432,32621,Directed
37450,20485,Directed
37450,6603,Directed
37453,24414,Directed
37455,25499,Directed
37455,32159,Directed
37455,35163,Directed
37456,30508,Directed
37469,32169,Directed
37479,21920,Directed
37499,43703,Directed
37499,37968,Directed
37512,7623,Directed
37521,25134,Directed
37524,46446,Directed
37527,12970,Directed
37530,20371,Directed
37531,1977,Directed
37546,20976,Directed
37565,33290,Directed
37569,1887,Directed
37576,43748,Directed
37611,45511,Directed
37652,24402,Directed
37667,17604,Directed
37669,46358,Directed
46358,12704,Directed
37686,280,Directed
37694,37164,Directed
37694,43154,Directed
37694,41756,Directed
37694,40398,Directed
37694,38884,Directed
37694,40649,Directed
40398,28335,Directed
37696,3678,Directed
37697,41065,Directed
37701,45393,Directed
37702,12058,Directed
37716,25238,Directed
37716,25750,Directed
37716,107,Directed
37722,8405,Directed
37722,35573,Directed
37750,23127,Directed
37754,37254,Directed
37755,7213,Directed
37759,27068,Directed
37759,30382,Directed
37779,2598,Directed
37782,22203,Directed
37784,14249,Directed
37784,34201,Directed
37785,25455,Directed
37785,37072,Directed
37798,13022,Directed
37833,10396,Directed
37833,23142,Directed
37861,6556,Directed
37895,26061,Directed
37937,37538,Directed
37969,25278,Directed
37970,2211,Directed
37973,43230,Directed
37981,20371,Directed
37987,31373,Directed
37987,33462,Directed
38006,34728,Directed
38017,9342,Directed
38042,30184,Directed
38046,15243,Directed
38046,32982,Directed
38053,17867,Directed
38055,21545,Directed
38057,25951,Directed
38057,4137,Directed
38059,22972,Directed
38059,30250,Directed
38075,8442,Directed
38085,27740,Directed
38089,9050,Directed
38092,15476,Directed
38093,28897,Directed
38094,16197,Directed
38094,504,Directed
38095,24704,Directed
38096,28530,Directed
38117,25248,Directed
38122,28628,Directed
38130,49558,Directed
38149,35968,Directed
38168,43274,Directed
38177,2121,Directed
38181,46361,Directed
46361,38181,Directed
38182,31714,Directed
38188,24803,Directed
38223,32458,Directed
38223,39601,Directed
38226,5503,Directed
38226,39794,Directed
39794,38226,Directed
38227,10188,Directed
38235,21844,Directed
38246,37364,Directed
38246,46270,Directed
38246,41345,Directed
38254,16757,Directed
38254,2971,Directed
38265,22919,Directed
38266,17310,Directed
38285,15460,Directed
38291,46592,Directed
46592,15460,Directed
46592,5392,Directed
38301,10126,Directed
38315,23259,Directed
38315,25359,Directed
38315,35521,Directed
38332,7603,Directed
38344,39882,Directed
38354,25053,Directed
38360,6801,Directed
38369,17202,Directed
38369,2936,Directed
38375,34249,Directed
38382,27079,Directed
38390,35044,Directed
38400,35331,Directed
38409,20703,Directed
38425,35540,Directed
38428,28454,Directed
38435,11920,Directed
38441,14420,Directed
38452,38452,Directed
38456,12907,Directed
38472,10768,Directed
38473,14108,Directed
38473,25063,Directed
38473,26722,Directed
38488,14969,Directed
38488,15460,Directed
38532,38718,Directed
38553,6037,Directed
38562,22677,Directed
38570,16654,Directed
38571,28298,Directed
38574,24383,Directed
38574,29646,Directed
38590,8300,Directed
38603,15060,Directed
38604,13101,Directed
38604,47304,Directed
47304,6556,Directed
47304,9294,Directed
38608,8381,Directed
38631,20813,Directed
38631,34508,Directed
38633,35402,Directed
38633,36129,Directed
38633,39076,Directed
38648,26665,Directed
38648,28981,Directed
38648,32539,Directed
38648,34198,Directed
38649,41049,Directed
38650,29241,Directed
38652,33281,Directed
38660,31199,Directed
38660,35452,Directed
38661,30372,Directed
38664,22724,Directed
38679,23081,Directed
38684,26718,Directed
38688,31178,Directed
38701,22866,Directed
38701,23045,Directed
38702,44027,Directed
44027,5362,Directed
38724,17480,Directed
38730,28407,Directed
38759,23005,Directed
38764,7603,Directed
38766,9117,Directed
38767,24127,Directed
38776,21683,Directed
38795,48319,Directed
38795,40454,Directed
38824,26718,Directed
38827,40847,Directed
38832,13519,Directed
38836,7761,Directed
38836,39148,Directed
39148,7761,Directed
38848,25709,Directed
38869,26295,Directed
38886,43594,Directed
38902,29677,Directed
38905,21124,Directed
38905,26221,Directed
38924,35820,Directed
38929,38929,Directed
38932,20368,Directed
38936,36947,Directed
38936,38687,Directed
38936,41194,Directed
41194,7854,Directed
38962,5518,Directed
38978,12445,Directed
38978,20224,Directed
38978,21144,Directed
38978,26436,Directed
38978,29787,Directed
38978,7683,Directed
38988,3294,Directed
39007,31707,Directed
39007,34705,Directed
39010,48798,Directed
39011,39011,Directed
39012,43687,Directed
43687,1989,Directed
39039,14075,Directed
39046,34875,Directed
39058,17810,Directed
39066,15060,Directed
39068,4151,Directed
39072,11327,Directed
39082,38734,Directed
39096,27504,Directed
39098,33683,Directed
39116,32950,Directed
39117,25143,Directed
39121,15102,Directed
39124,35968,Directed
39125,12058,Directed
39127,25875,Directed
39139,7436,Directed
39143,23182,Directed
39157,22227,Directed
39162,17253,Directed
39162,23350,Directed
39169,878,Directed
39169,2676,Directed
39187,8444,Directed
39189,1887,Directed
39214,31022,Directed
39219,43249,Directed
39221,21486,Directed
39221,7114,Directed
39235,23653,Directed
39248,40868,Directed
40868,39248,Directed
39265,20723,Directed
39268,31575,Directed
39273,33812,Directed
39287,17280,Directed
39309,15604,Directed
39309,30633,Directed
39315,20687,Directed
39368,8847,Directed
39369,35062,Directed
39402,26651,Directed
39409,35780,Directed
39417,26881,Directed
39417,47823,Directed
39427,23984,Directed
39436,5480,Directed
39445,22145,Directed
39451,24723,Directed
39461,12405,Directed
39469,21472,Directed
39470,1163,Directed
39471,40768,Directed
39473,37968,Directed
39499,12907,Directed
39505,39505,Directed
39511,20561,Directed
39512,7603,Directed
39513,42837,Directed
39521,22367,Directed
39535,9944,Directed
39535,15291,Directed
39535,6715,Directed
39542,4369,Directed
39551,28169,Directed
39568,3571,Directed
39586,39586,Directed
39590,17253,Directed
39596,48817,Directed
48817,39596,Directed
39598,29251,Directed
39605,20371,Directed
39605,26112,Directed
39617,10237,Directed
39629,29801,Directed
39639,22082,Directed
39654,4665,Directed
39689,34453,Directed
39698,2121,Directed
39699,15773,Directed
39713,28222,Directed
39717,20976,Directed
39725,46646,Directed
46646,39725,Directed
39731,2336,Directed
39735,43256,Directed
39738,4268,Directed
39738,9379,Directed
39747,5345,Directed
39761,47304,Directed
39761,47932,Directed
39764,7032,Directed
39767,8444,Directed
39789,15291,Directed
39811,20950,Directed
39811,23437,Directed
39813,20453,Directed
39813,34066,Directed
39820,47718,Directed
39861,33902,Directed
39887,26680,Directed
39888,39888,Directed
39899,30226,Directed
39937,22093,Directed
39943,10705,Directed
39964,23182,Directed
39984,3154,Directed
39988,23529,Directed
39991,8300,Directed
40013,22897,Directed
40013,28697,Directed
40013,30766,Directed
40026,11920,Directed
40033,31395,Directed
40073,6783,Directed
40092,16273,Directed
40092,25719,Directed
40093,28606,Directed
40095,42224,Directed
40099,31197,Directed
40108,43614,Directed
43614,15173,Directed
40114,21871,Directed
40124,16154,Directed
40127,6662,Directed
40130,41894,Directed
40145,24567,Directed
40145,32537,Directed
40157,31726,Directed
40180,9998,Directed
40200,24194,Directed
40200,24478,Directed
40203,20655,Directed
40203,26988,Directed
40203,29142,Directed
40208,22747,Directed
40221,1547,Directed
40225,28897,Directed
40227,9733,Directed
40257,24476,Directed
40257,33927,Directed
40267,30704,Directed
40283,36810,Directed
40303,16757,Directed
40307,48060,Directed
40334,3426,Directed
40345,4188,Directed
40351,2336,Directed
40353,35778,Directed
40353,43885,Directed
43885,14083,Directed
40357,32088,Directed
40358,12704,Directed
40385,20825,Directed
40385,21416,Directed
40385,28989,Directed
40394,22941,Directed
40394,34330,Directed
40402,48938,Directed
40424,13758,Directed
40442,33329,Directed
40450,44518,Directed
44518,40450,Directed
40468,22429,Directed
40470,23350,Directed
40470,33329,Directed
40470,45264,Directed
40471,8300,Directed
40478,29825,Directed
40480,12831,Directed
40495,29910,Directed
40509,24204,Directed
40524,37502,Directed
40524,43141,Directed
40524,44635,Directed
40529,32438,Directed
40534,17137,Directed
40537,2344,Directed
40540,5890,Directed
40549,31536,Directed
40550,43416,Directed
40554,21314,Directed
40566,6743,Directed
40588,5867,Directed
40589,20570,Directed
40592,5867,Directed
40604,25310,Directed
40604,33064,Directed
40604,49981,Directed
40617,40617,Directed
40645,8300,Directed
40659,12199,Directed
40659,6691,Directed
40659,8753,Directed
40669,37493,Directed
40675,15102,Directed
40706,22093,Directed
40706,7829,Directed
40713,2121,Directed
40715,18016,Directed
40718,31236,Directed
40729,34453,Directed
40745,20371,Directed
40755,23454,Directed
40764,22450,Directed
40764,2456,Directed
40777,30883,Directed
40786,20747,Directed
40814,26686,Directed
40814,35972,Directed
40836,30614,Directed
40878,2225,Directed
40915,17172,Directed
40915,9056,Directed
40930,25300,Directed
40937,3052,Directed
40947,15657,Directed
40947,35637,Directed
40965,28165,Directed
40974,15102,Directed
40987,28879,Directed
40987,32706,Directed
40991,4268,Directed
40992,35573,Directed
40994,22919,Directed
40995,12058,Directed
40997,23182,Directed
41037,21263,Directed
41047,37417,Directed
41051,6485,Directed
41075,23458,Directed
41098,31963,Directed
41105,33451,Directed
41105,34867,Directed
41141,34395,Directed
41143,44970,Directed
44970,31884,Directed
41156,22972,Directed
41158,9335,Directed
41160,37958,Directed
41160,42043,Directed
41160,49038,Directed
41160,48310,Directed
41160,47318,Directed
41160,48579,Directed
41160,49007,Directed
41160,41571,Directed
42043,22004,Directed
47318,20210,Directed
47318,24622,Directed
47318,27973,Directed
41177,27969,Directed
41189,28737,Directed
41189,31887,Directed
41192,24687,Directed
41192,47068,Directed
41196,28903,Directed
41214,35476,Directed
41218,3071,Directed
41220,15007,Directed
41222,44980,Directed
41236,25692,Directed
41255,20526,Directed
41263,21801,Directed
41274,783,Directed
41280,20353,Directed
41280,20723,Directed
41280,6320,Directed
41294,30103,Directed
41294,33344,Directed
41297,41297,Directed
41300,15351,Directed
41321,7567,Directed
41322,37493,Directed
41323,21176,Directed
41325,3690,Directed
41339,34860,Directed
41344,26743,Directed
41346,40108,Directed
41346,43614,Directed
41346,42156,Directed
41346,48161,Directed
41347,16197,Directed
41347,22271,Directed
41356,8080,Directed
41370,28850,Directed
41380,4519,Directed
41381,15460,Directed
41382,40858,Directed
41385,20727,Directed
41386,20825,Directed
41386,29667,Directed
41400,13716,Directed
41422,21888,Directed
41422,35313,Directed
41434,32457,Directed
41441,23350,Directed
41441,32386,Directed
41447,4420,Directed
41452,20371,Directed
41464,20371,Directed
41464,20453,Directed
41471,13620,Directed
41471,14941,Directed
41474,27714,Directed
41476,32663,Directed
41496,33539,Directed
41497,3124,Directed
41527,31884,Directed
41579,14937,Directed
41596,30963,Directed
41603,7936,Directed
41627,23635,Directed
41627,25228,Directed
41645,25010,Directed
41645,48016,Directed
41655,6320,Directed
41663,1749,Directed
41664,30073,Directed
41664,34201,Directed
41668,15460,Directed
41678,29418,Directed
41703,34453,Directed
41704,25279,Directed
41737,28169,Directed
41754,4645,Directed
41757,22472,Directed
41757,32527,Directed
41764,39365,Directed
41769,29385,Directed
41783,28307,Directed
41783,31162,Directed
41808,40132,Directed
41815,31398,Directed
41838,31241,Directed
41870,31432,Directed
41885,1555,Directed
41903,1149,Directed
41916,22273,Directed
41916,25033,Directed
41916,46239,Directed
46239,22273,Directed
41928,32658,Directed
41943,36089,Directed
41943,39835,Directed
41943,47131,Directed
47131,28646,Directed
47131,36089,Directed
41981,21314,Directed
42001,29410,Directed
42005,33854,Directed
42009,20923,Directed
42009,24184,Directed
42016,21618,Directed
42029,35006,Directed
42035,15434,Directed
42047,2493,Directed
42055,15448,Directed
42058,44064,Directed
42061,20212,Directed
42063,26262,Directed
42081,12945,Directed
42081,29749,Directed
42085,13519,Directed
42105,8300,Directed
42121,23182,Directed
42142,13021,Directed
42151,9229,Directed
42165,17988,Directed
42170,22229,Directed
42170,26503,Directed
42170,33605,Directed
42170,35604,Directed
42178,5243,Directed
42178,8543,Directed
42196,42954,Directed
42202,2121,Directed
42213,15128,Directed
42217,16610,Directed
42217,31704,Directed
42235,24530,Directed
42249,25502,Directed
42249,3556,Directed
42271,33795,Directed
42272,21568,Directed
42272,8847,Directed
42288,10418,Directed
42288,10549,Directed
42308,28667,Directed
42308,4186,Directed
42308,41357,Directed
42312,30704,Directed
42315,30432,Directed
42323,23259,Directed
42323,34453,Directed
42324,31992,Directed
42334,32735,Directed
42338,26680,Directed
42339,29076,Directed
42339,32489,Directed
42342,3108,Directed
42343,20655,Directed
42386,42386,Directed
42405,23834,Directed
42415,14288,Directed
42421,14288,Directed
42426,10173,Directed
42431,34201,Directed
42449,5199,Directed
42467,8444,Directed
42471,16610,Directed
42482,25576,Directed
42501,4640,Directed
42509,23701,Directed
42552,20304,Directed
42582,22972,Directed
42582,32106,Directed
42585,14344,Directed
42587,38376,Directed
42591,12326,Directed
42598,14416,Directed
42619,32877,Directed
42638,34010,Directed
42640,20371,Directed
42640,41452,Directed
42651,33093,Directed
42656,34650,Directed
42679,38326,Directed
42686,11599,Directed
42695,37058,Directed
42698,1205,Directed
42707,30627,Directed
42715,22403,Directed
42715,33303,Directed
42723,31857,Directed
42730,29033,Directed
42734,32485,Directed
42734,7937,Directed
42734,34785,Directed
42764,37745,Directed
42768,46632,Directed
42776,34476,Directed
42777,27475,Directed
42786,29660,Directed
42788,15657,Directed
42792,16107,Directed
42792,4249,Directed
42800,25536,Directed
42804,22093,Directed
42804,39937,Directed
42829,173,Directed
42858,38275,Directed
42858,40484,Directed
42858,43929,Directed
43929,642,Directed
42867,33111,Directed
42871,23254,Directed
42871,25208,Directed
42871,30040,Directed
42879,33939,Directed
42899,31575,Directed
42912,10237,Directed
42912,3702,Directed
42912,43050,Directed
43050,10237,Directed
43050,3702,Directed
42916,30165,Directed
42922,29998,Directed
42922,30226,Directed
42937,2772,Directed
42944,28221,Directed
42957,39862,Directed
42972,20353,Directed
42972,20723,Directed
42981,33131,Directed
42981,36352,Directed
42992,1768,Directed
43049,48872,Directed
48872,43049,Directed
43057,25033,Directed
43062,40556,Directed
43094,25806,Directed
43099,32201,Directed
43104,5864,Directed
43112,41648,Directed
43112,48032,Directed
43117,17988,Directed
43124,33307,Directed
43127,46971,Directed
43134,9351,Directed
43167,3022,Directed
43169,6320,Directed
43174,4188,Directed
43203,35874,Directed
43208,42703,Directed
43208,43119,Directed
43213,31071,Directed
43214,35521,Directed
43226,2772,Directed
43228,30397,Directed
43235,9419,Directed
43235,34453,Directed
43261,45933,Directed
45933,25951,Directed
43265,28203,Directed
43294,30393,Directed
43299,22707,Directed
43303,2476,Directed
43380,41198,Directed
43395,6274,Directed
43405,15150,Directed
43409,11800,Directed
43409,35098,Directed
43429,32095,Directed
43433,5888,Directed
43440,30472,Directed
43443,15351,Directed
43444,3052,Directed
43444,40937,Directed
43448,21780,Directed
43448,47762,Directed
47762,21780,Directed
47762,30404,Directed
43450,21400,Directed
43456,25495,Directed
43459,31132,Directed
43474,6720,Directed
43487,35204,Directed
43490,32826,Directed
43491,11313,Directed
43491,13961,Directed
43498,6743,Directed
43499,22668,Directed
43510,11112,Directed
43523,107,Directed
43524,43524,Directed
43537,14258,Directed
43537,29879,Directed
43553,33605,Directed
43557,30712,Directed
43565,5118,Directed
43578,25776,Directed
43578,28128,Directed
43633,29679,Directed
43651,31850,Directed
43655,11748,Directed
43670,21870,Directed
43670,24098,Directed
43680,20371,Directed
43682,8300,Directed
43685,9522,Directed
43691,25901,Directed
43692,15460,Directed
43698,791,Directed
43702,47579,Directed
43704,34196,Directed
43707,23055,Directed
43707,31647,Directed
43729,20907,Directed
43733,9784,Directed
43740,4682,Directed
43743,38960,Directed
43753,21753,Directed
43753,30376,Directed
43754,28737,Directed
43754,31887,Directed
43764,23081,Directed
43769,41792,Directed
43772,12831,Directed
43772,47879,Directed
43776,20353,Directed
43776,29646,Directed
43789,28368,Directed
43806,26111,Directed
43817,32350,Directed
43820,22125,Directed
43839,30491,Directed
43853,6422,Directed
43860,30832,Directed
43860,32230,Directed
43866,26240,Directed
43890,30401,Directed
43890,7018,Directed
43902,43902,Directed
43907,17591,Directed
43912,3493,Directed
43915,38301,Directed
43925,25875,Directed
43956,7603,Directed
43980,27974,Directed
44003,1798,Directed
44003,3738,Directed
44051,2073,Directed
44058,46101,Directed
44071,25155,Directed
44095,24513,Directed
44095,26370,Directed
44095,28737,Directed
44095,31887,Directed
44095,32350,Directed
44095,33374,Directed
44095,35346,Directed
44099,26615,Directed
44103,16931,Directed
44103,20971,Directed
44116,21204,Directed
44127,31770,Directed
44127,32911,Directed
44166,33653,Directed
44170,2434,Directed
44170,44170,Directed
44173,20453,Directed
44178,24609,Directed
44190,5118,Directed
44192,24222,Directed
44192,6865,Directed
44196,12071,Directed
44197,34644,Directed
44238,32015,Directed
44239,23579,Directed
44239,28075,Directed
44239,29355,Directed
44239,34042,Directed
44245,5248,Directed
44250,24976,Directed
44259,31197,Directed
44276,24859,Directed
44281,27562,Directed
44281,27969,Directed
44284,34919,Directed
44295,1768,Directed
44298,14531,Directed
44325,11931,Directed
44339,24794,Directed
44339,35488,Directed
44359,12581,Directed
44368,1116,Directed
44370,1182,Directed
44382,28770,Directed
44385,4902,Directed
44385,6485,Directed
44386,20778,Directed
44390,1462,Directed
44391,31197,Directed
44392,25002,Directed
44392,31625,Directed
44405,32608,Directed
44415,39195,Directed
44421,30100,Directed
44421,41091,Directed
44444,3365,Directed
44444,6743,Directed
44458,2651,Directed
44464,11009,Directed
44474,11800,Directed
44474,29410,Directed
44474,592,Directed
44474,2903,Directed
44474,34911,Directed
44482,21046,Directed
44498,17280,Directed
44498,188,Directed
44498,36209,Directed
44500,3200,Directed
44533,40828,Directed
44546,23182,Directed
44558,2121,Directed
44565,47523,Directed
47523,44565,Directed
44568,30501,Directed
44575,5503,Directed
44586,6671,Directed
44600,32985,Directed
44617,17425,Directed
44628,7603,Directed
44636,11800,Directed
44640,25461,Directed
44642,17253,Directed
44648,23899,Directed
44669,26332,Directed
44684,10899,Directed
44710,28678,Directed
44718,2772,Directed
44723,17614,Directed
44728,10153,Directed
44731,15997,Directed
44738,21816,Directed
44739,30283,Directed
44744,6449,Directed
44762,8300,Directed
44766,3526,Directed
44797,27376,Directed
44805,31437,Directed
44819,23455,Directed
44821,12125,Directed
44821,34115,Directed
44828,5890,Directed
44841,23917,Directed
44853,23350,Directed
44853,32016,Directed
44867,17650,Directed
44879,35637,Directed
44892,20969,Directed
44912,25300,Directed
44912,31043,Directed
44924,21217,Directed
44928,24903,Directed
44962,35939,Directed
44966,21896,Directed
44968,27367,Directed
44993,34016,Directed
45014,10396,Directed
45024,16205,Directed
45078,8300,Directed
45089,26221,Directed
45089,2664,Directed
45112,26594,Directed
45114,20375,Directed
45138,15460,Directed
45138,38218,Directed
45153,41982,Directed
45153,47643,Directed
45165,4137,Directed
45207,25275,Directed
45216,20655,Directed
45227,24250,Directed
45227,30408,Directed
45227,32613,Directed
45230,16197,Directed
45231,27268,Directed
45232,34302,Directed
45241,25300,Directed
45258,28298,Directed
45286,41780,Directed
45288,45288,Directed
45289,24562,Directed
45289,25514,Directed
45289,6776,Directed
45292,15460,Directed
45292,2121,Directed
45302,2121,Directed
45319,26504,Directed
45319,31133,Directed
45325,33781,Directed
45327,23241,Directed
45341,30239,Directed
45343,35903,Directed
45346,10153,Directed
45374,32081,Directed
45384,39683,Directed
45390,28504,Directed
45390,29736,Directed
45402,35476,Directed
45407,4268,Directed
45412,25777,Directed
45434,23028,Directed
45434,1205,Directed
45452,24934,Directed
45457,21144,Directed
45457,29444,Directed
45479,30487,Directed
45480,40246,Directed
45497,11130,Directed
45514,16216,Directed
45535,27034,Directed
45538,25285,Directed
45546,20997,Directed
45552,27247,Directed
45558,11315,Directed
45575,8300,Directed
45593,15976,Directed
45596,26732,Directed
45596,7016,Directed
45603,20485,Directed
45603,32411,Directed
45619,30059,Directed
45619,34760,Directed
45655,24082,Directed
45658,22273,Directed
45663,21592,Directed
45663,21985,Directed
45663,27471,Directed
45663,28609,Directed
45663,33694,Directed
45680,125,Directed
45680,2772,Directed
45682,25518,Directed
45683,34236,Directed
45700,35780,Directed
45709,37559,Directed
45720,13429,Directed
45720,26948,Directed
45725,35048,Directed
45726,30697,Directed
45746,29727,Directed
45760,45760,Directed
45770,481,Directed
45786,2767,Directed
45809,47934,Directed
45826,16418,Directed
45828,35476,Directed
45844,44736,Directed
45845,32350,Directed
45845,33374,Directed
45845,35346,Directed
45849,2072,Directed
45853,3108,Directed
45862,11155,Directed
45868,25300,Directed
45881,23662,Directed
45881,28108,Directed
45895,23897,Directed
45895,1884,Directed
45903,12655,Directed
45916,905,Directed
45916,35609,Directed
45919,35476,Directed
45919,35521,Directed
45924,21771,Directed
45926,15460,Directed
45930,29476,Directed
45954,20632,Directed
45959,13519,Directed
45983,26832,Directed
45999,27947,Directed
46013,38814,Directed
46013,46013,Directed
46023,30028,Directed
46041,21348,Directed
46041,7467,Directed
46046,14722,Directed
46053,1768,Directed
46074,46020,Directed
46076,20255,Directed
46076,962,Directed
46076,1263,Directed
46076,8365,Directed
46078,28700,Directed
46078,2336,Directed
46089,11207,Directed
46098,2785,Directed
46114,14249,Directed
46136,21600,Directed
46150,24778,Directed
46150,31992,Directed
46170,4268,Directed
46171,9727,Directed
46172,12695,Directed
46179,45683,Directed
46181,29910,Directed
46186,21309,Directed
46186,1721,Directed
46206,46206,Directed
46208,32566,Directed
46208,4210,Directed
46212,31704,Directed
46221,29332,Directed
46223,17804,Directed
46232,33086,Directed
46253,40844,Directed
46266,16242,Directed
46266,22004,Directed
46266,27945,Directed
46266,31715,Directed
46266,32263,Directed
46266,34021,Directed
46266,35205,Directed
46266,42043,Directed
46307,46574,Directed
46574,46307,Directed
46315,33093,Directed
46315,35224,Directed
46316,21012,Directed
46326,46219,Directed
46332,35521,Directed
46347,24599,Directed
46353,48384,Directed
48384,46353,Directed
46354,13502,Directed
46354,25868,Directed
46354,7268,Directed
46366,4645,Directed
46388,37968,Directed
46388,43703,Directed
46390,35903,Directed
46420,15460,Directed
46432,11396,Directed
46439,7291,Directed
46450,28040,Directed
46455,8300,Directed
46489,2772,Directed
46491,25427,Directed
46499,1887,Directed
46506,8300,Directed
46507,21345,Directed
46507,30052,Directed
46510,22950,Directed
46510,31223,Directed
46527,31374,Directed
46527,48143,Directed
48143,23437,Directed
46531,21169,Directed
46567,25582,Directed
46575,29385,Directed
46585,35521,Directed
46595,2058,Directed
46610,11800,Directed
46617,13992,Directed
46622,22955,Directed
46622,3493,Directed
46622,9351,Directed
46642,38864,Directed
46653,33131,Directed
46656,17526,Directed
46669,29598,Directed
46695,17304,Directed
46702,32222,Directed
46712,30778,Directed
46740,14708,Directed
46740,17043,Directed
46758,12945,Directed
46758,1761,Directed
46764,11899,Directed
46775,15090,Directed
46778,25359,Directed
46787,4034,Directed
46787,46787,Directed
46805,32669,Directed
46811,26388,Directed
46819,8300,Directed
46820,9301,Directed
46823,13519,Directed
46825,23995,Directed
46831,34133,Directed
46831,46831,Directed
46833,26994,Directed
46867,16610,Directed
46867,31704,Directed
46879,2348,Directed
46908,33781,Directed
46926,12970,Directed
46941,38580,Directed
46967,35522,Directed
46967,47541,Directed
46980,1462,Directed
46985,29349,Directed
46997,17988,Directed
46998,15809,Directed
47003,10725,Directed
47003,20371,Directed
47014,12885,Directed
47037,40913,Directed
47049,22354,Directed
47063,6901,Directed
47067,3003,Directed
47095,7289,Directed
47097,33682,Directed
47148,48193,Directed
47168,2808,Directed
47186,1768,Directed
47189,9945,Directed
47196,47057,Directed
47199,31887,Directed
47199,32346,Directed
47199,8300,Directed
47202,29562,Directed
47202,33795,Directed
47217,10322,Directed
47217,12125,Directed
47246,25514,Directed
47253,15460,Directed
47253,4645,Directed
47277,26130,Directed
47278,48064,Directed
47278,49410,Directed
48064,47278,Directed
47300,1721,Directed
47321,4210,Directed
47340,13519,Directed
47341,1462,Directed
47344,4079,Directed
47409,21140,Directed
47409,25300,Directed
47432,34407,Directed
47453,15460,Directed
47461,13089,Directed
47470,8300,Directed
47470,47829,Directed
47472,44834,Directed
47476,20803,Directed
47482,12299,Directed
47484,21600,Directed
47484,9579,Directed
47489,20353,Directed
47489,21892,Directed
47489,23109,Directed
47489,27193,Directed
47489,27805,Directed
47489,30077,Directed
47505,34837,Directed
47505,36359,Directed
47505,40490,Directed
47517,29894,Directed
47518,20231,Directed
47518,24824,Directed
47550,14267,Directed
47552,40923,Directed
47552,41262,Directed
47559,1188,Directed
47576,21078,Directed
47576,26918,Directed
47582,4507,Directed
47583,4645,Directed
47613,27605,Directed
47617,20659,Directed
47619,21400,Directed
47619,31770,Directed
47640,20469,Directed
47648,23390,Directed
47665,28667,Directed
47699,21579,Directed
47699,27945,Directed
47703,8300,Directed
47719,22089,Directed
47723,25621,Directed
47740,5211,Directed
47742,30921,Directed
47743,22668,Directed
47773,6589,Directed
47781,3368,Directed
47803,38358,Directed
47803,39021,Directed
47803,39406,Directed
47803,40828,Directed
47803,45427,Directed
47803,49275,Directed
47827,923,Directed
47839,15208,Directed
47850,31162,Directed
47859,22273,Directed
47865,33131,Directed
47865,36352,Directed
47889,10625,Directed
47893,30498,Directed
47898,3270,Directed
47920,29408,Directed
47935,9877,Directed
47935,34842,Directed
47940,27383,Directed
47941,21471,Directed
47941,8300,Directed
47941,36617,Directed
47973,29758,Directed
47977,30918,Directed
47983,31942,Directed
47991,27008,Directed
48002,24377,Directed
48007,25208,Directed
48018,22414,Directed
48018,30869,Directed
48031,17988,Directed
48037,30819,Directed
48040,7213,Directed
48046,27801,Directed
48056,12052,Directed
48063,29044,Directed
48072,33939,Directed
48072,34021,Directed
48081,12831,Directed
48126,24127,Directed
48126,8300,Directed
48151,13519,Directed
48166,37499,Directed
48166,37968,Directed
48166,39473,Directed
48166,43703,Directed
48166,47932,Directed
48181,2019,Directed
48190,41013,Directed
48190,43977,Directed
48190,44140,Directed
48190,44867,Directed
48190,45388,Directed
48190,46186,Directed
48190,47854,Directed
48190,49478,Directed
48197,35331,Directed
48197,48197,Directed
48200,42330,Directed
48209,37548,Directed
48223,26715,Directed
48223,28031,Directed
48228,40108,Directed
48228,41346,Directed
48228,42156,Directed
48228,43614,Directed
48228,48161,Directed
48230,2785,Directed
48233,11176,Directed
48233,4991,Directed
48234,23005,Directed
48243,22972,Directed
48243,26686,Directed
48244,14729,Directed
48256,45449,Directed
48256,47364,Directed
48263,32137,Directed
48263,35349,Directed
48288,10336,Directed
48288,12199,Directed
48288,34566,Directed
48311,16269,Directed
48311,6691,Directed
48316,41732,Directed
48331,20231,Directed
48331,22190,Directed
48331,24920,Directed
48331,25852,Directed
48331,26335,Directed
48386,26128,Directed
48386,30571,Directed
48388,29085,Directed
48389,29679,Directed
48390,16541,Directed
48399,9331,Directed
48422,8300,Directed
48444,10535,Directed
48464,37908,Directed
48496,7213,Directed
48496,7304,Directed
48513,26528,Directed
48513,32719,Directed
48530,20603,Directed
48530,8300,Directed
48544,29332,Directed
48545,34654,Directed
48552,8300,Directed
48554,27973,Directed
48566,8300,Directed
48587,16227,Directed
48587,1939,Directed
48604,17448,Directed
48613,8300,Directed
48622,30997,Directed
48633,27795,Directed
48645,12896,Directed
48645,2375,Directed
48659,38576,Directed
48662,35968,Directed
48665,12453,Directed
48670,20267,Directed
48670,35521,Directed
48680,26171,Directed
48680,44944,Directed
48685,21545,Directed
48685,21584,Directed
48685,31851,Directed
48685,35573,Directed
48685,42076,Directed
48697,3731,Directed
48697,4902,Directed
48697,6485,Directed
48703,34424,Directed
48721,8682,Directed
48750,39311,Directed
48767,13716,Directed
48776,47716,Directed
48799,12199,Directed
48806,35042,Directed
48838,22465,Directed
48838,27945,Directed
48838,33437,Directed
48838,33712,Directed
48838,34021,Directed
48841,23005,Directed
48860,30030,Directed
48860,31632,Directed
48886,10440,Directed
48904,20992,Directed
48912,23635,Directed
48926,30545,Directed
48930,21600,Directed
48930,30317,Directed
48944,30073,Directed
48965,12293,Directed
48983,26430,Directed
48999,17455,Directed
49035,48307,Directed
49036,24528,Directed
49036,29787,Directed
49040,12722,Directed
49040,16852,Directed
49073,9965,Directed
49090,13756,Directed
49090,3585,Directed
49091,34437,Directed
49098,8550,Directed
49099,23464,Directed
49099,32081,Directed
49154,8440,Directed
49177,24279,Directed
49182,25278,Directed
49182,33123,Directed
49191,20655,Directed
49191,34453,Directed
49192,2121,Directed
49196,34453,Directed
49216,30109,Directed
49217,28588,Directed
49224,2019,Directed
49241,33130,Directed
49244,12405,Directed
49253,21784,Directed
49253,33284,Directed
49259,28438,Directed
49271,10986,Directed
49271,23081,Directed
49289,22177,Directed
49328,30382,Directed
49334,27919,Directed
49337,23182,Directed
49337,6743,Directed
49338,7793,Directed
49347,29825,Directed
49349,30761,Directed
49361,40325,Directed
49363,47606,Directed
49369,14616,Directed
49379,5362,Directed
49412,9379,Directed
49419,15102,Directed
49449,33344,Directed
49450,23635,Directed
49450,23992,Directed
49450,4186,Directed
49450,35780,Directed
49450,48197,Directed
49466,4584,Directed
49476,7142,Directed
49486,3267,Directed
49493,7365,Directed
49509,49509,Directed
49537,23055,Directed
49547,30993,Directed
49550,35521,Directed
49587,16931,Directed
49592,35841,Directed
49598,28042,Directed
49602,8440,Directed
49665,30040,Directed
49669,23481,Directed
49725,2772,Directed
49750,27675,Directed
49763,20221,Directed
49776,4665,Directed
49792,2772,Directed
49794,20231,Directed
49795,25033,Directed
49823,43965,Directed
49824,3538,Directed
49848,31022,Directed
49848,32585,Directed
49852,24373,Directed
49855,24011,Directed
49868,7603,Directed
49876,4805,Directed
49887,13856,Directed
49887,5118,Directed
49887,6579,Directed
49905,2019,Directed
49927,43157,Directed
49942,28286,Directed
49946,16295,Directed
49955,20325,Directed
49958,47471,Directed
49963,13519,Directed
49964,35224,Directed
